MD5,SHA1,FileNames
"2a9d47cd337565ecbcd4556b85d675b2","2088912a1c7ea54d2fbd4540d0ba1fbd748b1c47","Greenbook.ISO\ISO Label [CDFS]\Session 1\Track 01\ISO Label [ISO9660]\1.HTML"
"1831b1f5e0e5a22a1f9d5cbab2099f1b","133b871f9fbfe164c4c3ef66f772c67627606eb6","Greenbook.ISO\ISO Label [CDFS]\Session 1\Track 01\ISO Label [ISO9660]\1.JPG"
"ae9ef080a292374a866d659abd55712f","d95551b859539e961e55db757d57505b1084ae3d","Greenbook.ISO\ISO Label [CDFS]\Session 1\Track 01\ISO Label [ISO9660]\2.JPG"
"d3060c3925e2f21274c5d04ce465ef08","51e50e8e53dfa51c59a33637dd9f43f3a1b243c1","Greenbook.ISO\ISO Label [CDFS]\Session 1\Track 01\ISO Label [ISO9660]\3.JPG"
"30c58285a32ac6ff2232fe09cf8a11dd","2f41da33c4a1716808faaa9a8f42a8483bf757f7","Greenbook.ISO\ISO Label [CDFS]\Session 1\Track 01\ISO Label [ISO9660]\4.JPG"
"853bd591239b0225bbce59fdd7da1bc6","0dbf190c43472e9703fc507e08eb6447f3f5c8b4","Greenbook.ISO\ISO Label [CDFS]\Session 1\Track 01\ISO Label [ISO9660]\5.JPG"
"39e0cc888b3d96fb07c411b4d52da1fa","51876d6af053134bc873b801bc06647159fdb2c8","Greenbook.ISO\ISO Label [CDFS]\Session 1\Track 01\ISO Label [ISO9660]\GREENBOOK.TC"
"1bcbf60d6f2629a35dabcb4bcf1b2071","294e93d0348743c8ebfec8c173193e2d2f94a679","Greenbook.ISO\ISO Label [CDFS]\Session 1\Track 01\ISO Label [ISO9660]\GREENBOOK_1937.PDF"
"2a9d47cd337565ecbcd4556b85d675b2","2088912a1c7ea54d2fbd4540d0ba1fbd748b1c47","Greenbook.ISO\ISO Label [CDFS]\Session 1\Track 01\ISO Label [Rock Ridge]\1.html"
"1831b1f5e0e5a22a1f9d5cbab2099f1b","133b871f9fbfe164c4c3ef66f772c67627606eb6","Greenbook.ISO\ISO Label [CDFS]\Session 1\Track 01\ISO Label [Rock Ridge]\1.jpg"
"ae9ef080a292374a866d659abd55712f","d95551b859539e961e55db757d57505b1084ae3d","Greenbook.ISO\ISO Label [CDFS]\Session 1\Track 01\ISO Label [Rock Ridge]\2.jpg"
"d3060c3925e2f21274c5d04ce465ef08","51e50e8e53dfa51c59a33637dd9f43f3a1b243c1","Greenbook.ISO\ISO Label [CDFS]\Session 1\Track 01\ISO Label [Rock Ridge]\3.jpg"
"30c58285a32ac6ff2232fe09cf8a11dd","2f41da33c4a1716808faaa9a8f42a8483bf757f7","Greenbook.ISO\ISO Label [CDFS]\Session 1\Track 01\ISO Label [Rock Ridge]\4.jpg"
"853bd591239b0225bbce59fdd7da1bc6","0dbf190c43472e9703fc507e08eb6447f3f5c8b4","Greenbook.ISO\ISO Label [CDFS]\Session 1\Track 01\ISO Label [Rock Ridge]\5.jpg"
"39e0cc888b3d96fb07c411b4d52da1fa","51876d6af053134bc873b801bc06647159fdb2c8","Greenbook.ISO\ISO Label [CDFS]\Session 1\Track 01\ISO Label [Rock Ridge]\greenbook.tc"
"1bcbf60d6f2629a35dabcb4bcf1b2071","294e93d0348743c8ebfec8c173193e2d2f94a679","Greenbook.ISO\ISO Label [CDFS]\Session 1\Track 01\ISO Label [Rock Ridge]\Greenbook-1937.pdf"
"2a9d47cd337565ecbcd4556b85d675b2","2088912a1c7ea54d2fbd4540d0ba1fbd748b1c47","Greenbook.ISO\ISO Label [CDFS]\Session 1\Track 01\ISO Label [Joliet]\1.html"
"1831b1f5e0e5a22a1f9d5cbab2099f1b","133b871f9fbfe164c4c3ef66f772c67627606eb6","Greenbook.ISO\ISO Label [CDFS]\Session 1\Track 01\ISO Label [Joliet]\1.jpg"
"ae9ef080a292374a866d659abd55712f","d95551b859539e961e55db757d57505b1084ae3d","Greenbook.ISO\ISO Label [CDFS]\Session 1\Track 01\ISO Label [Joliet]\2.jpg"
"d3060c3925e2f21274c5d04ce465ef08","51e50e8e53dfa51c59a33637dd9f43f3a1b243c1","Greenbook.ISO\ISO Label [CDFS]\Session 1\Track 01\ISO Label [Joliet]\3.jpg"
"30c58285a32ac6ff2232fe09cf8a11dd","2f41da33c4a1716808faaa9a8f42a8483bf757f7","Greenbook.ISO\ISO Label [CDFS]\Session 1\Track 01\ISO Label [Joliet]\4.jpg"
"853bd591239b0225bbce59fdd7da1bc6","0dbf190c43472e9703fc507e08eb6447f3f5c8b4","Greenbook.ISO\ISO Label [CDFS]\Session 1\Track 01\ISO Label [Joliet]\5.jpg"
"1bcbf60d6f2629a35dabcb4bcf1b2071","294e93d0348743c8ebfec8c173193e2d2f94a679","Greenbook.ISO\ISO Label [CDFS]\Session 1\Track 01\ISO Label [Joliet]\Greenbook-1937.pdf"
"39e0cc888b3d96fb07c411b4d52da1fa","51876d6af053134bc873b801bc06647159fdb2c8","Greenbook.ISO\ISO Label [CDFS]\Session 1\Track 01\ISO Label [Joliet]\greenbook.tc"
